{"train_loss": [0.11050035647113164, 0.08768167825092689, 0.08479002241141462, 0.08317523382989023, 0.08167137626929696, 0.08128830319016182, 0.08035695715721462, 0.08098396391528778, 0.08033542664948425, 0.0805413132650276, 0.08093114647450703, 0.0808497753502918, 0.08012480158152616, 0.08163617187045596, 0.08075034975098289, 0.0810694681391175, 0.08101588680762867, 0.08141388058167542, 0.08159250203808735, 0.08152629988013708, 0.08200436732920774, 0.0810643905684407, 0.08075676674222594, 0.08058492325218841, 0.0819931294480373, 0.08187020981746186, 0.08149122514133084, 0.08247325853255622, 0.08100138695367588, 0.08253497631732389, 0.08217713619647651, 0.08206215806690309, 0.08249855068996824, 0.08322299178346057, 0.0823542847713916, 0.08264283075708745, 0.08354859388814861, 0.08314590420010345, 0.08471413244015616, 0.08336949265970955, 0.08403554435723162, 0.08365822379989378, 0.0848158411200526, 0.08413003856570518, 0.084462866317687, 0.08484388689933228, 0.08508475750299838, 0.08538371978526955, 0.0847891032750756, 0.08523509494025548, 0.08619626311111055, 0.08598495234230127, 0.0859587936631208, 0.08658894385826324, 0.08565758435378655, 0.08627400495029464, 0.08670555583692785, 0.08671994109009135, 0.08714858233598766, 0.08729123673315857, 0.08744761004109224, 0.08718776051298718, 0.08793975728326837, 0.08811651570963024, 0.08780570228230139, 0.08844142155618685, 0.08830274264173534, 0.08857369958337162, 0.08911419077346795, 0.08883423280534489, 0.08947261136946202, 0.08829986796167943, 0.08956792305921277, 0.0892139894825946, 0.0891777142552432, 0.08941771495551201, 0.08938372281562139, 0.08937559210148904, 0.08960545200139725, 0.08960515789247747, 0.08946561797546065, 0.09093417784687118, 0.08964234883329965, 0.09090748790830264, 0.09025957040846128, 0.08992051400546658, 0.09011549851083887, 0.08968063442524508, 0.09004270684015267, 0.09031165831780742, 0.09044933919812041, 0.09064110810438865, 0.09066169829936045, 0.0907699723497748, 0.0910396903437112, 0.09079225089167317, 0.09085624114476226, 0.09106103853903354, 0.09089781620928063, 0.09102652579326032], "val_loss": [0.09510773638489617, 0.09380350735335297, 0.09154963195750254, 0.08988001190075114, 0.08779342770150167, 0.0882229464418422, 0.0861689999009299, 0.08695672826126585, 0.08899032292169401, 0.08779166394829895, 0.08602610197611822, 0.08438374040833622, 0.08262288610944458, 0.08822695599806586, 0.08190947988326333, 0.08420043278970873, 0.08354474699557563, 0.08492616700290531, 0.0834961993764089, 0.08287973956930086, 0.08575877806780086, 0.0809698220208971, 0.08242224526792866, 0.08129138342670096, 0.08264337174928892, 0.08110893019862411, 0.08249900192674085, 0.08243441499681967, 0.08065539049324874, 0.08101111694799021, 0.07985007171834733, 0.08028134038401001, 0.08002458312560995, 0.08089962453396111, 0.08051350744093545, 0.08078139576921363, 0.08081815465542809, 0.07973655482708919, 0.08033323027402602, 0.07930090598841763, 0.07948696499489147, 0.07947144912093432, 0.07889145644817995, 0.079493886757608, 0.07901782925920331, 0.07934517845938566, 0.07894386245837742, 0.07915174310271052, 0.0788603179004805, 0.07969556575268835, 0.07953385308710366, 0.07945448259923862, 0.07956344407658678, 0.07884928347814654, 0.07889305180416017, 0.07897674289576993, 0.0786673852802983, 0.07943330801218751, 0.0785136333057816, 0.07857388716181216, 0.0786719552366315, 0.07923225233718742, 0.07872626011980378, 0.07885175539087586, 0.07839180281555688, 0.07865954348565371, 0.07810873369248518, 0.07847871714826832, 0.0788622894537517, 0.07847965741089404, 0.07805605964182485, 0.07861934226365148, 0.07825728890655766, 0.07867939380373852, 0.07836492256422094, 0.07803423130416645, 0.07814142393170853, 0.07827773485400363, 0.0780692464267701, 0.07777568873864087, 0.07780965986213988, 0.0780292194960028, 0.0778182433273479, 0.0790378132252544, 0.07804780163655457, 0.07793783032751198, 0.07739143084252416, 0.07738670539873338, 0.07758849371738263, 0.07739078176633535, 0.0774509577615749, 0.07738015794401831, 0.07751554873626242, 0.07776935073089705, 0.07769717211929571, 0.07736266741830804, 0.07732638957880315, 0.07729937642902705, 0.0772652280901011, 0.0770968898848391], "train_mae": [0.26864260454349415, 0.22691285478232973, 0.22121106088161469, 0.2172262690603953, 0.21191961288012262, 0.21050574759715598, 0.20816505172485794, 0.20942411863166027, 0.20694052249303163, 0.20777214315764578, 0.2070791151690747, 0.20714514922501856, 0.20473350218851188, 0.2081127316309517, 0.20503715909605097, 0.20532360898392668, 0.20513757252275283, 0.2053042752496431, 0.20513908540300776, 0.20545494050557322, 0.20633629044153592, 0.20171422448105478, 0.2009299029613333, 0.2007986390997563, 0.20381560668734167, 0.20339984927890045, 0.20252590928900285, 0.20429533293876262, 0.20048615088981897, 0.20309798515700767, 0.20263245030962673, 0.20223816638173212, 0.20310387952851194, 0.2044617960648783, 0.20268073350850946, 0.2029548905157515, 0.20521322368365813, 0.2036528067725171, 0.206729543247566, 0.2042031778895547, 0.20545287732708498, 0.2047624700871121, 0.20705554175200938, 0.2057226067099624, 0.20623026782736129, 0.20685390938362072, 0.20730497701801498, 0.20788115972302496, 0.20652583032516536, 0.20738909566754343, 0.20937056520548253, 0.20872617776873367, 0.20905825190548527, 0.20992320002060094, 0.20801730176289582, 0.2093051364885925, 0.20984932332131256, 0.21022993818310354, 0.2110423869367455, 0.2111035094929797, 0.2117013169995533, 0.2108624385896644, 0.2122167770053188, 0.21264805022036018, 0.21228194069048575, 0.2132794150182242, 0.21295329612229583, 0.21355692470425608, 0.2143133543981617, 0.21402970965388077, 0.2152654595150719, 0.21294281359528264, 0.21537945238096687, 0.21471832096026833, 0.21461587905113988, 0.2147149215710119, 0.21474912331003104, 0.2150380760706219, 0.21508803985655528, 0.2153075931806846, 0.21469589482264326, 0.21768024555541493, 0.2152535898329147, 0.21768274985776176, 0.2163987873445138, 0.2158327589835628, 0.21562291607535633, 0.2149413933503232, 0.21550931822769756, 0.21600828982367287, 0.21645928647135457, 0.21648835844439335, 0.21668970472148424, 0.21681616518550254, 0.21736480152694942, 0.21700671988769651, 0.21720604230117094, 0.21728280626539814, 0.2170627002236588, 0.2174033030757605],