{"train_loss": [0.12182046016643848, 0.09069148127360757, 0.08828972461478736, 0.08596641106386686, 0.08369282134069728, 0.08363369180789952, 0.0842339609546855, 0.0828278207622221, 0.08257599730333279, 0.08301176263424963, 0.08254776108748799, 0.08249922338666951, 0.08213693783979355, 0.08227981075067142, 0.08247936206330232, 0.08210248866451843, 0.08241564784597646, 0.08350418864086105, 0.08165838417504326, 0.08236449578866308, 0.08210450461361131, 0.0820219330833297, 0.08182682988759667, 0.0829355700725064, 0.08208755291723457, 0.08270441766182215, 0.08350278617216213, 0.08344849902187985, 0.08433231287996708, 0.08425840512399194, 0.08442765272246516, 0.08388814477875443, 0.08440045042588921, 0.08496520866904532, 0.08491980294762283, 0.08527497108338394, 0.08566226007423718, 0.08435839890224027, 0.08514143305923447, 0.08560623092460017, 0.08556834854378031, 0.0857890624126825, 0.0856637654076863, 0.0870271687811701, 0.08629451259778215, 0.08576999997163391, 0.08614149198925804, 0.08636372575598229, 0.08637663229915049, 0.08632184615929188, 0.08654910423603884, 0.08659698122019477, 0.08714728957777533, 0.08764414706463304, 0.08735654925810675, 0.08662556433479725, 0.08713874785827534, 0.08744895036205154, 0.08709928839436536, 0.08731445798657257, 0.08878909412950167, 0.08781694701264485, 0.088225808530716, 0.08831793883629831, 0.08844855922614517, 0.0884315222570487, 0.08777314780204389, 0.08812548754894865, 0.08845962384695057, 0.08874016855173225, 0.08889811176023141, 0.08904808802303353, 0.08916427738744614, 0.08900147268198073, 0.08937341803719197, 0.08931639389138381, 0.08958311308161579, 0.08921963028004909, 0.08971040552255193, 0.0897359940329931, 0.08968577199921397, 0.0894414055955036, 0.08991875203250739, 0.09069203329702145, 0.09085215429510797, 0.09061440627513337, 0.09071156810075595, 0.09066474190277367, 0.09065764623511981, 0.09077585605402715, 0.0908379264629525, 0.09072152299057294, 0.09130515371246531, 0.09080797400861648, 0.0911528413077452, 0.09119612845245102, 0.09096610986686061, 0.09126003929912165, 0.09088394667857028, 0.0915158955153504], "val_loss": [0.09667006982881887, 0.0923250261528178, 0.10154914028137516, 0.09187286867207559, 0.09086691437725267, 0.08994908869048436, 0.09651228904348641, 0.08813389373019266, 0.08600568535744252, 0.08851728176441483, 0.08719204732280021, 0.08411343892873101, 0.08562428409477178, 0.08748478463868951, 0.08591498047052751, 0.0894384125717358, 0.0852019618622775, 0.08443969371646616, 0.08488494809798923, 0.08272728490535396, 0.08425819438543584, 0.08327046749933212, 0.08210860494840694, 0.08278775084140698, 0.08238286281358713, 0.0845458852176384, 0.08253216378892522, 0.08230669735958529, 0.08173079739526015, 0.08250852259290799, 0.0818474110279234, 0.08249425287497833, 0.08130189031536747, 0.08292839420991327, 0.08220084934556057, 0.08187709678813788, 0.08296564652410895, 0.08301839246504783, 0.08042601785974243, 0.08126898035329183, 0.0825874855951734, 0.08343470589908308, 0.08126711412919128, 0.08042225543290506, 0.08073734876480032, 0.07962099918909125, 0.08041436630205873, 0.07918568861832298, 0.08030843141801905, 0.0802628733949411, 0.07969314507458812, 0.0792769978975678, 0.08032616453788827, 0.0800494845607318, 0.07907047056956594, 0.07919354506618258, 0.07947572946800968, 0.07861115078592032, 0.07884572422407357, 0.07903137839191042, 0.07850450528666711, 0.07880656474432252, 0.07915603503013853, 0.07883960440956568, 0.07876703597651959, 0.07847181784745771, 0.07906513556577331, 0.07868097908692402, 0.07882158127299782, 0.07860588363950177, 0.07916690741213117, 0.07863214498768646, 0.07831623816422456, 0.07844420428745265, 0.07825524882017061, 0.07803258307759395, 0.07833187151036199, 0.078152454170828, 0.07806594725741274, 0.07848390923104041, 0.0781090991716245, 0.0779603898308394, 0.07801207186163134, 0.07804257733850661, 0.07819654483442001, 0.07795189620328913, 0.07795665735215102, 0.07801538532504297, 0.07775695003367449, 0.07816621507038395, 0.07820565956066737, 0.07785481750904862, 0.07803184789700539, 0.07793588005646802, 0.07765824400879685, 0.07814446392143842, 0.077805734285019, 0.07769031923212616, 0.07770790559203614, 0.0777070710212517], "train_mae": [0.28643382238945836, 0.22572528422428673, 0.2223011018275335, 0.22048551712968692, 0.21742470130819236, 0.2171199810021038, 0.21767107540281055, 0.2132116209756844, 0.2116466362263004, 0.212302070042304, 0.21003418157351414, 0.2101753669966191, 0.20900534442540025, 0.20838070762553337, 0.2090817601093507, 0.20787884707380486, 0.20823121431019034, 0.2107741210293506, 0.20503438184402087, 0.2065194396240245, 0.2061816193163395, 0.20597060461875696, 0.2052478466416637, 0.20757455491491789, 0.20552229906030248, 0.20683757850824686, 0.20827447579025782, 0.20830412253022634, 0.21018668429108123, 0.2097959381792818, 0.21014492411675048, 0.20865581514540635, 0.20994973680300028, 0.21065644636695235, 0.21071687667902106, 0.21114873535573703, 0.21161567843158308, 0.20947362713488266, 0.2108382021534047, 0.21194507728753495, 0.2116799589892595, 0.21180742272481706, 0.2114501141314137, 0.21429255269330366, 0.21256491286178356, 0.21036168366560637, 0.21098107701627972, 0.21148839771637618, 0.21169567449066473, 0.2118022929038509, 0.21203889398117348, 0.21226346641229088, 0.21277054473482815, 0.2139261197230033, 0.2126867949577715, 0.2115987585479483, 0.21212158849758417, 0.2129093421506266, 0.21221018203180214, 0.2127243593280166, 0.2155295968110711, 0.21380861694632422, 0.21436075978943342, 0.21461109454121538, 0.21507723997879732, 0.21473747994956935, 0.2132885749434633, 0.2143111737836771, 0.21492458514291862, 0.21527477455535057, 0.21565958219700634, 0.21604657788998086, 0.21559878227015702, 0.21549562221853497, 0.21597105514849244, 0.216168291976751, 0.2165293911836244, 0.21609114764801252, 0.21677809719999777, 0.21684055077083877, 0.2164948158983375, 0.21627969127079658, 0.21715341450653394, 0.21837833125103004, 0.2186398798689191, 0.21832860728581452, 0.21851254889665933, 0.21851728969284528, 0.21835186005298501, 0.21845490620145058, 0.21859379648832378, 0.21847404668801826, 0.219500464431914, 0.21876666736118908, 0.21917140459112575, 0.21913776417499978, 0.21891645322866546, 0.2194824253940934, 0.21868217675998203, 0.21997653368544315],