{"train_loss": [0.11414539442840978, 0.09424720754042763, 0.0922184332421675, 0.09011934969807903, 0.08942003644370505, 0.08892002615843972, 0.0891345686165829, 0.08897102212471496, 0.08932562029449702, 0.08845077795268645, 0.0883086223182753, 0.08899566205390265, 0.08964283585658372, 0.08925418298677765, 0.09004825113746733, 0.08872890948726903, 0.08911926625811965, 0.090319633222704, 0.08995539875790422, 0.09059794196975847, 0.09101204720507909, 0.08851746275911032, 0.08911840093916633, 0.0893287111032493, 0.08942551765852089, 0.08927759082774835, 0.09067587346883278, 0.0906755320480389, 0.09071684050686465, 0.08955753722478983, 0.09065690941806209, 0.09020960612078215, 0.09039200007970483, 0.09012114078603767, 0.09055862956546329, 0.09097968490718696, 0.09125609102751717, 0.0909772159126192, 0.09074106963000834, 0.09211411739517401, 0.09157081002651325, 0.09202357765108457, 0.09245205047880592, 0.0932267571033092, 0.09166757816043287, 0.09254152780721768, 0.0919620591281085, 0.09335639119505662, 0.09272872526679751, 0.09373376865586011, 0.0933133237462532, 0.09367148922515751, 0.0937514259613968, 0.09463950922898261, 0.09462185982765967, 0.09450189574755646, 0.09367261604986728, 0.0945427346754668, 0.09514972262386906, 0.09435538357859168, 0.09559119079688158, 0.0956646410191631, 0.09550953642001231, 0.0950607506977566, 0.09531286987046474, 0.09574059308317534, 0.09529837202349492, 0.09476244949986574, 0.09531060118929266, 0.0962503805577865, 0.0960034358545423, 0.09601091847813438, 0.09659835213032376, 0.09666806045658474, 0.09703010133024291, 0.09667805262679763, 0.09739520835150652, 0.09694285781511082, 0.09711558229506456, 0.09734270098959388, 0.09761282224964171, 0.0971145819790139, 0.09739299427126827, 0.09774042617845799, 0.09771264194617413, 0.09825136857554041, 0.09775392692604848, 0.09813993328982944, 0.09844727796327143, 0.0983763635227271, 0.09860466913461026, 0.09816870705750376, 0.09800811704399401, 0.09858742795499709, 0.09834312136212837, 0.09890840726310036, 0.09865394247716423], "val_loss": [0.10060798920835302, 0.1086709878061452, 0.09278095351420605, 0.09543536834805731, 0.09164901186456301, 0.09691467510641251, 0.09110809713651255, 0.1049935082072051, 0.09109657436025552, 0.08981759616167245, 0.09050334703249359, 0.09362967826530967, 0.08971294902206044, 0.08949641629719031, 0.0869603636486023, 0.09418589439575928, 0.08874757975267335, 0.09120468587883498, 0.08761271862493514, 0.09275619445112862, 0.0897956133742643, 0.08583635003199394, 0.08508240006938675, 0.09296284110939564, 0.08655681614259841, 0.08558951186271987, 0.08604610142540711, 0.08627599658580615, 0.08643847281559253, 0.08384736829161034, 0.08620262345188243, 0.08450403213000883, 0.08401180323439611, 0.0839798116731018, 0.08454559054094511, 0.08329868538105946, 0.08526510175794665, 0.08313932129764819, 0.08361801785059457, 0.08414492587551546, 0.08424132080856485, 0.08377563124534865, 0.08453365713423512, 0.08341325911845762, 0.08327451448118589, 0.08328228359746838, 0.08304257690783551, 0.0831434617710995, 0.0830651673317795, 0.08343236880913102, 0.08354816219685796, 0.08330149826934745, 0.0822644680795837, 0.08330219037011823, 0.0828947142192038, 0.08281290551203198, 0.08241394971551465, 0.08213290434948031, 0.08284306991537935, 0.0835306664607422, 0.0824701374179018, 0.08270922695732558, 0.08299270143542228, 0.08302211502307048, 0.08258564623698271, 0.08265929548863017, 0.08277802270202583, 0.08249060848287576, 0.08213033016281641, 0.08203319327341733, 0.08293071777857414, 0.08187027233156775, 0.08264245528012061, 0.08203365184218314, 0.08174810445421493, 0.08229934695524387, 0.08182296839695995, 0.08284651483679649, 0.08269680018535107, 0.08199503443767087, 0.08185779296220805, 0.08153528292334646, 0.08188599785363537, 0.08198074223334298, 0.08209742283986383, 0.08177689571516887, 0.0816146456105651, 0.08163170991703199, 0.0815849265789336, 0.08166597489124938, 0.08163606939147863, 0.08175169466195373, 0.08190598602539492, 0.08187893241540198, 0.08185307024264853, 0.08165964506247612, 0.08163942391865289], "train_mae": [0.29002588844387295, 0.24308301854837425, 0.2355479605743366, 0.22940688341086202, 0.2267381262130403, 0.2249669380678462, 0.22485701035969372, 0.22415713506761073, 0.22374645232934354, 0.22200597385528784, 0.22221462876704345, 0.22349584443542792, 0.22454198961218344, 0.22382342474486994, 0.2253513528632062, 0.2219643552144955, 0.22310163941220604, 0.22563678411100183, 0.22527175861311136, 0.22612730427421768, 0.2269053158669894, 0.2201962536441444, 0.22092790118112776, 0.22199099868316052, 0.2220248404299201, 0.22157507433772528, 0.2241964236836592, 0.22421274320445816, 0.22377619394736975, 0.22079404174071837, 0.2229097470696122, 0.22236572560678988, 0.22223858573779848, 0.22157051268538866, 0.22239730119485257, 0.2233076213250741, 0.22380929269803845, 0.22295415121030984, 0.22273875170858143, 0.2254236887631821, 0.2244730793846929, 0.22486419538620214, 0.2257834939059296, 0.22706698510809578, 0.22333145515505237, 0.22524623363880214, 0.22403675174801113, 0.22691543328806044, 0.22562086997326888, 0.22728803847328763, 0.22648179753790043, 0.22716842025408446, 0.22724911262628336, 0.22888237829028021, 0.2287128564946326, 0.22852893509108202, 0.22697311524315514, 0.2285446264262129, 0.22991757317552708, 0.22852871828193594, 0.23031369511491698, 0.23076177919042945, 0.2304534812310085, 0.22934920096089478, 0.22957521344352913, 0.2302977263487573, 0.2295322158404822, 0.2287931362531282, 0.229578632297771, 0.2311882685416299, 0.23075219139291792, 0.23085019314091143, 0.2318888210117597, 0.23179412157553148, 0.23273166357041286, 0.23180464795374783, 0.23324556667976273, 0.2325171174213455, 0.2327301153342662, 0.23328842291422874, 0.23357256353451317, 0.23278140086969326, 0.23286005098551402, 0.23382230413685864, 0.23353810575395492, 0.23427181635945485, 0.23370221873051125, 0.2344169947164085, 0.23480543802145223, 0.2348075049114843, 0.23514165506591655, 0.2343833235906939, 0.23405650197579853, 0.23518443443018572, 0.2346742784954965, 0.23560320849898117, 0.23502778973966507],