{"train_loss": [0.10545294386131956, 0.08437122188068624, 0.08086643024344285, 0.07824454428387524, 0.07814642167014389, 0.0766456697713515, 0.07524455975864866, 0.07546748031906757, 0.07706922153182795, 0.07522917967770812, 0.07547918850782832, 0.0764949510554436, 0.0756229128124969, 0.07541951882512037, 0.07704054464575769, 0.07609361745554583, 0.0773099657574263, 0.07405903802779108, 0.0742441358807672, 0.07408559568762449, 0.07535893406127872, 0.07542734630955761, 0.07477528364071107, 0.07518324594449843, 0.07603225921971442, 0.07715238467188779, 0.07535467481041307, 0.07514569394262954, 0.07472751065195157, 0.07501618331813724, 0.07553881008136756, 0.07643366501257648, 0.07585555159682718, 0.07678420067768256, 0.0769869289481222, 0.07689535094088294, 0.07744357380259961, 0.07738664661056441, 0.07791678321537496, 0.07813734647120277, 0.07913039272781668, 0.07814517983568771, 0.0786808329699664, 0.0796741709470529, 0.07878069646271613, 0.07989809137676254, 0.0799569996190687, 0.07951899509313362, 0.08018787315190938, 0.0800706745912338, 0.08083601844431729, 0.07974787804253426, 0.08065546611908177, 0.08125840727157368, 0.0810032619912576, 0.08030655144325481, 0.08043901781066977, 0.08102289995872776, 0.08066230242542675, 0.08207517015538092, 0.0815130252274255, 0.08207164174186347, 0.08125870759389277, 0.08212266058224593, 0.08219963626255629, 0.08251012109797379, 0.08240888530312869, 0.08305640010733666, 0.08232406687637536, 0.08247468466578374, 0.08299902983944575, 0.08313676402852543, 0.08241843677562322, 0.08375860036546674, 0.08332714646697265, 0.08324953975547723, 0.08345329910654203, 0.08334886684766335, 0.08381943145553784, 0.08437509704862353, 0.08440972652932374, 0.08455419167188921, 0.08533590789403203, 0.08416420883908043, 0.08469552471821379, 0.08473770864087937, 0.08504472284945505, 0.08546619490476332, 0.0850979803109411, 0.08503515445163329, 0.08513622564638233, 0.085332380422147, 0.08531047794211835, 0.08503587609260065, 0.08539310122438022, 0.08621208150475887, 0.0855995219035892, 0.085952820393817, 0.08602290049305261, 0.0858600504448933], "val_loss": [0.09354872426303418, 0.09208969047484086, 0.08842091358085999, 0.08609359869717056, 0.0929625090310009, 0.08837897970540363, 0.09817547632814189, 0.08565387781340511, 0.09616950939206118, 0.08608253629432178, 0.08168953483716034, 0.08521808669443282, 0.0883054709530101, 0.08340708179273118, 0.08406027735245387, 0.08634166041115286, 0.08331324418518499, 0.07804201322695417, 0.08444657119037748, 0.07773251055135608, 0.0820031730658178, 0.07803286348500708, 0.07904478616065191, 0.08151377373396314, 0.0811253627934362, 0.07945688203400211, 0.07868932693226027, 0.07750876789675241, 0.07670954884846472, 0.07813071618455095, 0.07823907159271726, 0.07662953523655412, 0.07635168930540549, 0.07691662576156963, 0.07686262468345838, 0.07620651797650949, 0.07764976017878467, 0.07650148230039147, 0.0774876609474132, 0.07679329002210476, 0.07582086586984921, 0.07616210640444991, 0.07866493201974253, 0.07580721773390418, 0.0755777878067407, 0.07725709023279577, 0.07640719890563125, 0.07649087738731472, 0.07633290419947975, 0.07638617057941893, 0.07688327897159697, 0.07568732006200687, 0.07609946702948843, 0.07498325647926757, 0.07533196854883883, 0.07585003806253925, 0.0750884118985506, 0.07495055720722467, 0.07534291585772068, 0.07600059192257722, 0.07494187567878637, 0.07480141374048478, 0.07471453062327116, 0.07543585397162504, 0.07507345014423215, 0.07490435327853331, 0.07548378794236785, 0.07535984341102704, 0.07506027066137648, 0.07457068562097716, 0.07460217039737421, 0.07468750716879198, 0.0742064816763495, 0.0745287420391884, 0.07432248313033225, 0.07459585522781094, 0.07434353427348649, 0.07408657056037837, 0.07419767883525502, 0.07405302356407997, 0.07412651499334073, 0.07426865463393895, 0.07401159926011017, 0.07403826421714128, 0.07430034381104633, 0.07418448364089118, 0.07428209893762062, 0.0746024066731838, 0.07402929585713165, 0.07381317734002614, 0.07381566636918956, 0.07371223694849825, 0.07382880450170208, 0.07358693891984958, 0.07363136777543408, 0.07380583837200415, 0.07376620342169395, 0.07350829926508595, 0.07381826209504498, 0.07367357618337772], "train_mae": [0.2670779542179565, 0.22732037303082617, 0.22054327853931271, 0.21573020020204275, 0.2149490436119787, 0.21054329118275555, 0.20642520314103124, 0.20678876618067718, 0.20996318589827231, 0.20461517665878873, 0.20453062527074145, 0.20668541851738723, 0.20409567621141342, 0.2036799497325042, 0.20717249838188564, 0.20402255629591395, 0.20707045613729647, 0.19696971501921376, 0.19774167841760876, 0.19721466621789546, 0.19919702023047803, 0.19959852800488032, 0.1983414899379125, 0.19931877365961287, 0.20067553470990315, 0.20261606802249746, 0.19739889895124188, 0.1971107213259623, 0.19611645346967937, 0.19661857330711124, 0.19751831333795597, 0.19914166511094877, 0.19795098284953636, 0.19954219287281988, 0.20031223693567007, 0.19998716670208752, 0.20098908102600338, 0.2006129877043826, 0.20151218048870784, 0.20153330280222137, 0.20415822518267754, 0.20191160254042967, 0.2029699158074671, 0.20510483373685076, 0.20270706347543815, 0.20506536784647136, 0.2050147519835247, 0.2044132487965246, 0.20532949274316484, 0.20514846956048063, 0.20650477022812375, 0.2031879039598127, 0.20479837574092224, 0.2062266606741286, 0.2055784022346194, 0.2042667021995541, 0.20467176953694918, 0.20551191449055373, 0.20476585390163085, 0.20745560108955496, 0.20642478486378693, 0.20713840229814784, 0.2059938859785615, 0.20696630463608956, 0.2072949196414754, 0.207589587684707, 0.2077611111296939, 0.20882441100709112, 0.20777753215434366, 0.20712024589306313, 0.20796825802744096, 0.20829375693059055, 0.20691268492448814, 0.20921911818844804, 0.20834393870786547, 0.20844566033005274, 0.20890324744241265, 0.20865380145416929, 0.20936425074220144, 0.2103576745934152, 0.21031275388829382, 0.21089232105390612, 0.21194652168293282, 0.20987139510272615, 0.21094196891872646, 0.21106445731602033, 0.21132225350810152, 0.21206325743471124, 0.21161549106735145, 0.21106987875436065, 0.2111190328188928, 0.21134447353132538, 0.21135536432816093, 0.21095694156150535, 0.21156158350490556, 0.21279747671416765, 0.2120363727981754, 0.21235080489483266, 0.2125599699651623, 0.21229701178540164],